pair_key,original_zone,original_zone_name,updated_zone,updated_zone_name,affected_property_count,distinct_pid_count,missing_pid_record_count,distinct_pids,use_comparison_status,added_permitted_use_count,removed_permitted_use_count,shared_permitted_use_count,added_permitted_uses,removed_permitted_uses,source_original,source_updated_draft
[none] -> [none],,,,,6,6,0,335448;336545;372516;452094;841494;885608,no_zone_overlap,0,0,0,,,data/zoning/charlottetown/zones,data/zoning/charlottetown-draft-2026-07-30/zones
[none] -> RN,,,RN,Neighbourhood,3,3,0,372508;504720;613711,no_zone_overlap,0,0,0,,,data/zoning/charlottetown/zones,data/zoning/charlottetown-draft-2026-07-30/zones
C1 -> GC,C1,Business Office Commercial,GC,Growth Corridor,24,19,0,276436;276444;276451;276469;276527;276535;276543;276964;276972;365072;365080;365098;372615;395061;395079;452318;557637;600411;751701,comparable,41,1,8,"Assembly facility; Automobile Sales and Services; Cannabis Retail Store; Cemetery; Commercial Daycare Centre; Community Care Facility; Community Institutional; Cultural Establishment; Distribution centre; Dormitory; Eating and Drinking Establishment; Educational Institution (private); Educational Institution (public); Entertainment Establishment; Equipment Sales, Rental Service; Fire Station; Garden Centre; Government Offices; Greenhouse (nursery retail); Grocery Store; Hospital; Hostel; Hotel; Library; Light manufacturing; Multi-unit Dwelling; Outdoor Retail Display; Parking structure; Place of Worship; Police Station; Public Utility Service Operation; Recreation or Fitness Centre (indoors); Retail Warehouse; Service Repair Establishment; Shopping Centre; Storage facility; Theatre; Transport Terminal; Transportation Service; Veterinary Services; Warehouse",Educational Institution,data/zoning/charlottetown/zones,data/zoning/charlottetown-draft-2026-07-30/zones
C1 -> RN,C1,Business Office Commercial,RN,Neighbourhood,8,4,0,361121;601187;676585;730903,comparable,4,9,0,Government Offices; Library; Semi Detached Dwelling; Single Detached Dwelling,"Convenience Store; Educational Institution; Funeral Establishment; Laundromat; Medical, Health and Dental Office; Office; Parking Lot; Personal Service Shop; Retail Store",data/zoning/charlottetown/zones,data/zoning/charlottetown-draft-2026-07-30/zones
C2 -> [none],C2,Highway Commercial,,,1,1,0,444919,no_zone_overlap,0,0,0,,,data/zoning/charlottetown/zones,data/zoning/charlottetown-draft-2026-07-30/zones
C2 -> BP,C2,Highway Commercial,BP,Business Park,11,9,0,1034370;1034909;1110642;1114909;387381;387399;387423;388207;462739,comparable,39,0,0,"Assembly facility; Automobile Body Shop; Automobile Sales and Services; Club; Commercial Daycare Centre; Cultural Establishment; Distribution centre; Educational Institution (private); Educational Institution (public); Equipment Sales, Rental Service; Fire Station; Garden Centre; Greenhouse (private industrial); Hostel; Hotel; Kennel; Light manufacturing; Manufacturing, Light; Marijuana Production Facility; Medical, Health and Dental Office; Office; Outdoor Retail Display; Outdoor Storage; Parking lot; Parking structure; Personal Service Shop; Place of Worship; Police Station; Recreation or Fitness Centre (indoors); Research and Development Facilities; Retail store; Retail Warehouse; Service Repair Establishment; Storage facility; Transitional Housing; Transport Terminal; Transportation Service; Veterinary Services; Warehouse",,data/zoning/charlottetown/zones,data/zoning/charlottetown-draft-2026-07-30/zones
C2 -> GC,C2,Highway Commercial,GC,Growth Corridor,113,98,0,1014083;1023613;1052273;1058593;1063775;1063817;1074087;1076207;1078260;1083773;1093095;1094523;1095678;1097930;1119973;1119981;1120617;1121672;1122555;1122696;1122738;1122746;1124460;1127877;1145416;134999;145375;145383;145391;145409;145417;145441;145458;145466;145490;145508;145516;145755;145763;145797;145995;146027;358770;373043;385278;386557;387365;387407;387449;387472;387498;387530;387548;387555;387563;387571;387829;387837;387845;387852;387878;387886;387894;387910;387928;388199;430223;430306;430322;444885;444901;455642;457358;469775;469841;491647;502609;537993;577585;598482;621722;621730;626457;635763;639864;673038;679464;691139;691550;696989;703603;751628;854216;859066;865501;889873;893081;996975,comparable,49,0,0,"Assembly facility; Automobile Sales and Services; Cannabis Retail Store; Cemetery; Commercial Daycare Centre; Community Care Facility; Community Institutional; Convenience Store; Cultural Establishment; Distribution centre; Dormitory; Eating and Drinking Establishment; Educational Institution (private); Educational Institution (public); Entertainment Establishment; Equipment Sales, Rental Service; Fire Station; Funeral Establishment; Garden Centre; Government Offices; Greenhouse (nursery retail); Grocery Store; Hospital; Hostel; Hotel; Laundromat; Library; Light manufacturing; Medical, Health and Dental Office; Multi-unit Dwelling; Office; Outdoor Retail Display; Parking lot; Parking structure; Personal Service Shop; Place of Worship; Police Station; Public Utility Service Operation; Recreation or Fitness Centre (indoors); Retail store; Retail Warehouse; Service Repair Establishment; Shopping Centre; Storage facility; Theatre; Transport Terminal; Transportation Service; Veterinary Services; Warehouse",,data/zoning/charlottetown/zones,data/zoning/charlottetown-draft-2026-07-30/zones
C2 -> GN,C2,Highway Commercial,GN,Growth Node,19,15,0,1113224;278168;373076;373084;387233;387241;387589;387597;387605;387613;387639;387647;387654;387795;404731,comparable,49,0,0,"Assembly facility; Automobile Sales and Services; Cannabis Retail Store; Cemetery; Commercial Daycare Centre; Community Care Facility; Community Institutional; Convenience Store; Cultural Establishment; Distribution centre; Dormitory; Eating and Drinking Establishment; Educational Institution (private); Educational Institution (public); Entertainment Establishment; Equipment Sales, Rental Service; Fire Station; Funeral Establishment; Garden Centre; Government Offices; Greenhouse (nursery retail); Grocery Store; Hospital; Hostel; Hotel; Laundromat; Library; Light manufacturing; Medical, Health and Dental Office; Multi-unit Dwelling; Office; Outdoor Retail Display; Parking lot; Parking structure; Personal Service Shop; Place of Worship; Police Station; Public Utility Service Operation; Recreation or Fitness Centre (indoors); Retail store; Retail Warehouse; Service Repair Establishment; Shopping Centre; Storage facility; Theatre; Transport Terminal; Transportation Service; Veterinary Services; Warehouse",,data/zoning/charlottetown/zones,data/zoning/charlottetown-draft-2026-07-30/zones
C2 -> RN,C2,Highway Commercial,RN,Neighbourhood,2,2,0,1112135;746610,comparable,4,0,0,Government Offices; Library; Semi Detached Dwelling; Single Detached Dwelling,,data/zoning/charlottetown/zones,data/zoning/charlottetown-draft-2026-07-30/zones
C3 -> GC,C3,Shopping Centre Commercial,GC,Growth Corridor,36,25,0,1030642;1072792;358564;358572;358580;358598;358622;358754;372110;372136;372276;387308;387779;396515;396622;396630;397372;397398;444679;470179;491639;578922;578930;683904;712851,comparable,48,3,1,"Assembly facility; Automobile Sales and Services; Cannabis Retail Store; Cemetery; Commercial Daycare Centre; Community Institutional; Convenience Store; Cultural Establishment; Distribution centre; Dormitory; Eating and Drinking Establishment; Educational Institution (private); Educational Institution (public); Entertainment Establishment; Equipment Sales, Rental Service; Fire Station; Funeral Establishment; Garden Centre; Government Offices; Greenhouse (nursery retail); Grocery Store; Hospital; Hostel; Hotel; Laundromat; Library; Light manufacturing; Medical, Health and Dental Office; Multi-unit Dwelling; Office; Outdoor Retail Display; Parking lot; Parking structure; Personal Service Shop; Place of Worship; Police Station; Public Utility Service Operation; Recreation or Fitness Centre (indoors); Retail store; Retail Warehouse; Service Repair Establishment; Shopping Centre; Storage facility; Theatre; Transport Terminal; Transportation Service; Veterinary Services; Warehouse",Duplex Dwellings; Nursing Home; Semi-detached Dwellings,data/zoning/charlottetown/zones,data/zoning/charlottetown-draft-2026-07-30/zones
C3 -> GN,C3,Shopping Centre Commercial,GN,Growth Node,37,14,0,1040583;1050970;1054972;372284;372300;373050;387704;387712;387761;387779;387811;396473;397430;721506,comparable,48,3,1,"Assembly facility; Automobile Sales and Services; Cannabis Retail Store; Cemetery; Commercial Daycare Centre; Community Institutional; Convenience Store; Cultural Establishment; Distribution centre; Dormitory; Eating and Drinking Establishment; Educational Institution (private); Educational Institution (public); Entertainment Establishment; Equipment Sales, Rental Service; Fire Station; Funeral Establishment; Garden Centre; Government Offices; Greenhouse (nursery retail); Grocery Store; Hospital; Hostel; Hotel; Laundromat; Library; Light manufacturing; Medical, Health and Dental Office; Multi-unit Dwelling; Office; Outdoor Retail Display; Parking lot; Parking structure; Personal Service Shop; Place of Worship; Police Station; Public Utility Service Operation; Recreation or Fitness Centre (indoors); Retail store; Retail Warehouse; Service Repair Establishment; Shopping Centre; Storage facility; Theatre; Transport Terminal; Transportation Service; Veterinary Services; Warehouse",Duplex Dwellings; Nursing Home; Semi-detached Dwellings,data/zoning/charlottetown/zones,data/zoning/charlottetown-draft-2026-07-30/zones
C3 -> I,C3,Shopping Centre Commercial,I,Institutional,1,1,0,600908,comparable,15,3,1,"Cemetery; Commercial Daycare Centre; Community Institutional; Cultural Establishment; Dormitory; Educational Institution (private); Educational Institution (public); Fire Station; Funeral Establishment; Government Offices; Hospital; Library; Medical, Health and Dental Office; Place of Worship; Police Station",Duplex Dwellings; Nursing Home; Semi-detached Dwellings,data/zoning/charlottetown/zones,data/zoning/charlottetown-draft-2026-07-30/zones
C3 -> RN,C3,Shopping Centre Commercial,RN,Neighbourhood,60,1,0,388082,comparable,4,4,0,Government Offices; Library; Semi Detached Dwelling; Single Detached Dwelling,Community Care Facility; Duplex Dwellings; Nursing Home; Semi-detached Dwellings,data/zoning/charlottetown/zones,data/zoning/charlottetown-draft-2026-07-30/zones
CDA -> BP,CDA,Comprehensive Development Area,BP,Business Park,2,2,0,1081801;901025,comparable,39,0,0,"Assembly facility; Automobile Body Shop; Automobile Sales and Services; Club; Commercial Daycare Centre; Cultural Establishment; Distribution centre; Educational Institution (private); Educational Institution (public); Equipment Sales, Rental Service; Fire Station; Garden Centre; Greenhouse (private industrial); Hostel; Hotel; Kennel; Light manufacturing; Manufacturing, Light; Marijuana Production Facility; Medical, Health and Dental Office; Office; Outdoor Retail Display; Outdoor Storage; Parking lot; Parking structure; Personal Service Shop; Place of Worship; Police Station; Recreation or Fitness Centre (indoors); Research and Development Facilities; Retail store; Retail Warehouse; Service Repair Establishment; Storage facility; Transitional Housing; Transport Terminal; Transportation Service; Veterinary Services; Warehouse",,data/zoning/charlottetown/zones,data/zoning/charlottetown-draft-2026-07-30/zones
CDA -> GC,CDA,Comprehensive Development Area,GC,Growth Corridor,2,2,0,1075993;421669,comparable,49,0,0,"Assembly facility; Automobile Sales and Services; Cannabis Retail Store; Cemetery; Commercial Daycare Centre; Community Care Facility; Community Institutional; Convenience Store; Cultural Establishment; Distribution centre; Dormitory; Eating and Drinking Establishment; Educational Institution (private); Educational Institution (public); Entertainment Establishment; Equipment Sales, Rental Service; Fire Station; Funeral Establishment; Garden Centre; Government Offices; Greenhouse (nursery retail); Grocery Store; Hospital; Hostel; Hotel; Laundromat; Library; Light manufacturing; Medical, Health and Dental Office; Multi-unit Dwelling; Office; Outdoor Retail Display; Parking lot; Parking structure; Personal Service Shop; Place of Worship; Police Station; Public Utility Service Operation; Recreation or Fitness Centre (indoors); Retail store; Retail Warehouse; Service Repair Establishment; Shopping Centre; Storage facility; Theatre; Transport Terminal; Transportation Service; Veterinary Services; Warehouse",,data/zoning/charlottetown/zones,data/zoning/charlottetown-draft-2026-07-30/zones
CDA -> GN,CDA,Comprehensive Development Area,GN,Growth Node,3,3,0,1076694;1076728;387621,comparable,49,0,0,"Assembly facility; Automobile Sales and Services; Cannabis Retail Store; Cemetery; Commercial Daycare Centre; Community Care Facility; Community Institutional; Convenience Store; Cultural Establishment; Distribution centre; Dormitory; Eating and Drinking Establishment; Educational Institution (private); Educational Institution (public); Entertainment Establishment; Equipment Sales, Rental Service; Fire Station; Funeral Establishment; Garden Centre; Government Offices; Greenhouse (nursery retail); Grocery Store; Hospital; Hostel; Hotel; Laundromat; Library; Light manufacturing; Medical, Health and Dental Office; Multi-unit Dwelling; Office; Outdoor Retail Display; Parking lot; Parking structure; Personal Service Shop; Place of Worship; Police Station; Public Utility Service Operation; Recreation or Fitness Centre (indoors); Retail store; Retail Warehouse; Service Repair Establishment; Shopping Centre; Storage facility; Theatre; Transport Terminal; Transportation Service; Veterinary Services; Warehouse",,data/zoning/charlottetown/zones,data/zoning/charlottetown-draft-2026-07-30/zones
CDA -> I,CDA,Comprehensive Development Area,I,Institutional,32,7,0,1076678;1076686;279224;372896;372904;390443;425892,comparable,16,0,0,"Cemetery; Commercial Daycare Centre; Community Care Facility; Community Institutional; Cultural Establishment; Dormitory; Educational Institution (private); Educational Institution (public); Fire Station; Funeral Establishment; Government Offices; Hospital; Library; Medical, Health and Dental Office; Place of Worship; Police Station",,data/zoning/charlottetown/zones,data/zoning/charlottetown-draft-2026-07-30/zones
CDA -> PPS,CDA,Comprehensive Development Area,PPS,Parks and Public Spaces,2,2,0,336537;825943,comparable,10,0,0,Active Recreation; Cemetery; Community Gardens; Community Institutional; Cultural Establishment; Golf Course; Government Offices; Library; Recreation or Fitness Centre (indoors); Trail System ZONING & DEVELOPMENT BYL AW,,data/zoning/charlottetown/zones,data/zoning/charlottetown-draft-2026-07-30/zones
CDA -> RM,CDA,Comprehensive Development Area,RM,Medium Density Residential,74,4,0,1076652;1076678;1076686;390260,comparable,14,0,0,Cluster Housing; Duplex Dwelling; Government Offices; Library; Lodging House; Mini-home Dwelling; Modular Dwelling; Multi-unit Dwelling; Recreation or Fitness Centre (indoors); Semi Detached Dwelling; Seniors Housing; Single Detached Dwelling; Tourist Accommodation; Townhouse Dwelling,,data/zoning/charlottetown/zones,data/zoning/charlottetown-draft-2026-07-30/zones
CDA -> RN,CDA,Comprehensive Development Area,RN,Neighbourhood,59,22,0,1048685;1048693;1048701;1048719;1064476;1092188;1119726;1119734;1132984;1134006;1136233;1145515;1151125;1154947;1159490;390625;390633;390674;390682;390708;390757;492405,comparable,4,0,0,Government Offices; Library; Semi Detached Dwelling; Single Detached Dwelling,,data/zoning/charlottetown/zones,data/zoning/charlottetown-draft-2026-07-30/zones
DMU -> RM,DMU,Downtown Mixed Use,RM,Medium Density Residential,30,5,0,355941;357731;357749;361709;361725,comparable,14,13,0,Cluster Housing; Duplex Dwelling; Government Offices; Library; Lodging House; Mini-home Dwelling; Modular Dwelling; Multi-unit Dwelling; Recreation or Fitness Centre (indoors); Semi Detached Dwelling; Seniors Housing; Single Detached Dwelling; Tourist Accommodation; Townhouse Dwelling,Club; Educational Institution; Entertainment Establishment; Fire Station; Grocery Store; Hostel; Hotel; Parking Lot; Police Station; Service Repair Establishment; Shopping Center; Theatre; Veterinary Services,data/zoning/charlottetown/zones,data/zoning/charlottetown-draft-2026-07-30/zones
DMUN -> [none],DMUN,Downtown Mixed Use Neighbourhood,,,2,2,0,335828;336958,no_zone_overlap,0,0,0,,,data/zoning/charlottetown/zones,data/zoning/charlottetown-draft-2026-07-30/zones
DMUN -> I,DMUN,Downtown Mixed Use Neighbourhood,I,Institutional,1,1,0,343558,comparable,14,5,2,Cemetery; Commercial Daycare Centre; Community Care Facility; Community Institutional; Cultural Establishment; Dormitory; Educational Institution (private); Educational Institution (public); Fire Station; Government Offices; Hospital; Library; Place of Worship; Police Station,Eating and Drinking Establishment; Office; Parking Structure; Personal Service Shop; Retail Store,data/zoning/charlottetown/zones,data/zoning/charlottetown-draft-2026-07-30/zones
DN -> [none],DN,Downtown Narrow,,,1,1,0,339416,no_zone_overlap,0,0,0,,,data/zoning/charlottetown/zones,data/zoning/charlottetown-draft-2026-07-30/zones
DN -> I,DN,Downtown Narrow,I,Institutional,4,1,0,343913,comparable,16,1,0,"Cemetery; Commercial Daycare Centre; Community Care Facility; Community Institutional; Cultural Establishment; Dormitory; Educational Institution (private); Educational Institution (public); Fire Station; Funeral Establishment; Government Offices; Hospital; Library; Medical, Health and Dental Office; Place of Worship; Police Station",Convenience Store,data/zoning/charlottetown/zones,data/zoning/charlottetown-draft-2026-07-30/zones
FDA -> RN,FDA,Future Development,RN,Neighbourhood,1,1,0,720177,comparable,4,3,0,Government Offices; Library; Semi Detached Dwelling; Single Detached Dwelling,Agriculture and Resource Land Uses; Forestry Related; One Single-detached Dwelling per Lot with serviced Lot Frontage,data/zoning/charlottetown/zones,data/zoning/charlottetown-draft-2026-07-30/zones
I -> GN,I,Institutional,GN,Growth Node,1,1,0,387662,comparable,33,7,16,"Assembly facility; Automobile Sales and Services; Cannabis Retail Store; Convenience Store; Distribution centre; Eating and Drinking Establishment; Entertainment Establishment; Equipment Sales, Rental Service; Garden Centre; Government Offices; Greenhouse (nursery retail); Grocery Store; Hostel; Hotel; Laundromat; Light manufacturing; Multi-unit Dwelling; Office; Outdoor Retail Display; Parking lot; Parking structure; Personal Service Shop; Recreation or Fitness Centre (indoors); Retail store; Retail Warehouse; Service Repair Establishment; Shopping Centre; Storage facility; Theatre; Transport Terminal; Transportation Service; Veterinary Services; Warehouse",Club; Community Building; Government Office; Lodging House; Nursing Home; Recreation or Fitness Center (indoors); Transitional Housing Facility,data/zoning/charlottetown/zones,data/zoning/charlottetown-draft-2026-07-30/zones
I -> PPS,I,Institutional,PPS,Parks and Public Spaces,1,1,0,363366,comparable,6,19,4,Active Recreation; Community Gardens; Golf Course; Government Offices; Recreation or Fitness Centre (indoors); Trail System ZONING & DEVELOPMENT BYL AW,"Club; Commercial Daycare Centre; Community Building; Community Care Facility; Dormitory; Educational Institution (private); Educational Institution (public); Fire Station; Funeral Establishment; Government Office; Hospital; Lodging House; Medical, Health and Dental Office; Nursing Home; Place of Worship; Police Station; Public Utility Service Operation; Recreation or Fitness Center (indoors); Transitional Housing Facility",data/zoning/charlottetown/zones,data/zoning/charlottetown-draft-2026-07-30/zones
I -> RM,I,Institutional,RM,Medium Density Residential,1,1,0,442384,comparable,12,21,2,Cluster Housing; Duplex Dwelling; Government Offices; Mini-home Dwelling; Modular Dwelling; Multi-unit Dwelling; Recreation or Fitness Centre (indoors); Semi Detached Dwelling; Seniors Housing; Single Detached Dwelling; Tourist Accommodation; Townhouse Dwelling,"Cemetery; Club; Commercial Daycare Centre; Community Building; Community Care Facility; Community Institutional; Cultural Establishment; Dormitory; Educational Institution (private); Educational Institution (public); Fire Station; Funeral Establishment; Government Office; Hospital; Medical, Health and Dental Office; Nursing Home; Place of Worship; Police Station; Public Utility Service Operation; Recreation or Fitness Center (indoors); Transitional Housing Facility",data/zoning/charlottetown/zones,data/zoning/charlottetown-draft-2026-07-30/zones
I -> RN,I,Institutional,RN,Neighbourhood,18,15,0,1000744;1024116;1039262;1058262;1114248;275982;355222;363556;369629;388736;393389;416271;573642;578732;802330,comparable,3,22,1,Government Offices; Semi Detached Dwelling; Single Detached Dwelling,"Cemetery; Club; Commercial Daycare Centre; Community Building; Community Care Facility; Community Institutional; Cultural Establishment; Dormitory; Educational Institution (private); Educational Institution (public); Fire Station; Funeral Establishment; Government Office; Hospital; Lodging House; Medical, Health and Dental Office; Nursing Home; Place of Worship; Police Station; Public Utility Service Operation; Recreation or Fitness Center (indoors); Transitional Housing Facility",data/zoning/charlottetown/zones,data/zoning/charlottetown-draft-2026-07-30/zones
M1 -> [none],M1,Light Industrial,,,1,1,0,560284,no_zone_overlap,0,0,0,,,data/zoning/charlottetown/zones,data/zoning/charlottetown-draft-2026-07-30/zones
M1 -> GC,M1,Light Industrial,GC,Growth Corridor,14,11,0,279331;363689;387258;387266;387522;387720;430173;457416;495069;560276;604363,comparable,43,16,6,"Assembly facility; Automobile Sales and Services; Cannabis Retail Store; Cemetery; Commercial Daycare Centre; Community Care Facility; Community Institutional; Convenience Store; Cultural Establishment; Distribution centre; Dormitory; Eating and Drinking Establishment; Educational Institution (private); Educational Institution (public); Entertainment Establishment; Equipment Sales, Rental Service; Garden Centre; Government Offices; Greenhouse (nursery retail); Grocery Store; Hospital; Hostel; Hotel; Laundromat; Library; Light manufacturing; Multi-unit Dwelling; Office; Outdoor Retail Display; Parking lot; Parking structure; Personal Service Shop; Public Utility Service Operation; Recreation or Fitness Centre (indoors); Retail store; Retail Warehouse; Service Repair Establishment; Shopping Centre; Theatre; Transport Terminal; Transportation Service; Veterinary Services; Warehouse","Animal Shelter; Automobile Body Shop; Club; Commercial Daycare; Community Building; Educational Institution; Feedmill; Forestry Related; Greenhouse (private, industrial); Heavy Equipment Repair; Kennel; Manufacturing, Light; Outdoor Storage; Public Utility Service Operations; Recreation or Fitness Center (indoors); Recycling Depot",data/zoning/charlottetown/zones,data/zoning/charlottetown-draft-2026-07-30/zones
M1 -> PPS,M1,Light Industrial,PPS,Parks and Public Spaces,1,1,0,192922,comparable,10,22,0,Active Recreation; Cemetery; Community Gardens; Community Institutional; Cultural Establishment; Golf Course; Government Offices; Library; Recreation or Fitness Centre (indoors); Trail System ZONING & DEVELOPMENT BYL AW,"Animal Shelter; Automobile Body Shop; Club; Commercial Daycare; Community Building; Educational Institution; Feedmill; Fire Station; Forestry Related; Funeral Establishment; Greenhouse (private, industrial); Heavy Equipment Repair; Kennel; Manufacturing, Light; Medical, Health and Dental Office; Outdoor Storage; Place of Worship; Police Station; Public Utility Service Operations; Recreation or Fitness Center (indoors); Recycling Depot; Storage Facility",data/zoning/charlottetown/zones,data/zoning/charlottetown-draft-2026-07-30/zones
M1 -> RN,M1,Light Industrial,RN,Neighbourhood,2,2,0,1132513;1164813,comparable,4,22,0,Government Offices; Library; Semi Detached Dwelling; Single Detached Dwelling,"Animal Shelter; Automobile Body Shop; Club; Commercial Daycare; Community Building; Educational Institution; Feedmill; Fire Station; Forestry Related; Funeral Establishment; Greenhouse (private, industrial); Heavy Equipment Repair; Kennel; Manufacturing, Light; Medical, Health and Dental Office; Outdoor Storage; Place of Worship; Police Station; Public Utility Service Operations; Recreation or Fitness Center (indoors); Recycling Depot; Storage Facility",data/zoning/charlottetown/zones,data/zoning/charlottetown-draft-2026-07-30/zones
M2 -> [none],M2,Heavy Industrial,,,1,1,0,636035,no_zone_overlap,0,0,0,,,data/zoning/charlottetown/zones,data/zoning/charlottetown-draft-2026-07-30/zones
M3 -> GC,M3,Business Park Industrial,GC,Growth Corridor,1,1,0,1097005,comparable,18,9,31,Cannabis Retail Store; Cemetery; Community Care Facility; Community Institutional; Dormitory; Entertainment Establishment; Funeral Establishment; Government Offices; Greenhouse (nursery retail); Grocery Store; Hospital; Hostel; Laundromat; Library; Multi-unit Dwelling; Public Utility Service Operation; Shopping Centre; Theatre,"Automobile Body Shop; Automobile Service Station; Club; Greenhouse (private industrial); Kennel; Manufacturing, Light; Marijuana Production Facility; Outdoor Storage; Research and Development Facilities",data/zoning/charlottetown/zones,data/zoning/charlottetown-draft-2026-07-30/zones
M3 -> I,M3,Business Park Industrial,I,Institutional,1,1,0,1007657,comparable,8,32,8,Cemetery; Community Care Facility; Community Institutional; Dormitory; Funeral Establishment; Government Offices; Hospital; Library,"Assembly facility; Automobile Body Shop; Automobile Sales and Services; Automobile Service Station; Club; Convenience Store; Distribution centre; Eating and Drinking Establishment; Equipment Sales, Rental Service; Garden Centre; Greenhouse (private industrial); Hotel; Kennel; Light manufacturing; Manufacturing, Light; Marijuana Production Facility; Office; Outdoor Retail Display; Outdoor Storage; Parking Lot; Parking Structure; Personal Service Shop; Recreation or Fitness Centre (indoors); Research and Development Facilities; Retail store; Retail Warehouse; Service Repair Establishment; Storage Facility; Transport Terminal; Transportation Service; Veterinary Services; Warehouse",data/zoning/charlottetown/zones,data/zoning/charlottetown-draft-2026-07-30/zones
MUC -> [none],MUC,Mixed Use Corridor,,,1,1,0,278036,no_zone_overlap,0,0,0,,,data/zoning/charlottetown/zones,data/zoning/charlottetown-draft-2026-07-30/zones
MUC -> BP,MUC,Mixed Use Corridor,BP,Business Park,25,16,0,1009471;278747;278762;278788;278804;278903;278911;278929;278937;278960;279042;279075;616813;653519;701649;795971,comparable,26,2,13,"Automobile Body Shop; Club; Commercial Daycare Centre; Cultural Establishment; Educational Institution (private); Educational Institution (public); Fire Station; Garden Centre; Greenhouse (private industrial); Hostel; Hotel; Kennel; Manufacturing, Light; Marijuana Production Facility; Medical, Health and Dental Office; Office; Outdoor Storage; Parking structure; Personal Service Shop; Place of Worship; Police Station; Recreation or Fitness Centre (indoors); Research and Development Facilities; Transitional Housing; Transportation Service; Veterinary Services",Cannabis Retail Store; Greenhouse (nursery retail),data/zoning/charlottetown/zones,data/zoning/charlottetown-draft-2026-07-30/zones
MUC -> RM,MUC,Mixed Use Corridor,RM,Medium Density Residential,39,26,0,1038207;274183;274258;274399;274597;277418;277426;277434;277442;277699;278010;278028;278044;278051;278069;360917;360925;363655;363663;363671;363903;363911;369108;390021;390039;404707,comparable,14,15,0,Cluster Housing; Duplex Dwelling; Government Offices; Library; Lodging House; Mini-home Dwelling; Modular Dwelling; Multi-unit Dwelling; Recreation or Fitness Centre (indoors); Semi Detached Dwelling; Seniors Housing; Single Detached Dwelling; Tourist Accommodation; Townhouse Dwelling,"Assembly facility; Automobile Sales and Services; Cannabis Retail Store; Distribution centre; Equipment Sales, Rental Service; Greenhouse (nursery retail); Light manufacturing; Outdoor Retail Display; Parking Lot; Retail store; Retail Warehouse; Service Repair Establishment; Storage Facility; Transport Terminal; Warehouse",data/zoning/charlottetown/zones,data/zoning/charlottetown-draft-2026-07-30/zones
MUC -> RN,MUC,Mixed Use Corridor,RN,Neighbourhood,25,24,0,358010;359158;359182;359406;359828;359836;359844;359851;361329;364810;364828;711036;918037;922823;923938;926329;931329;933333;941633;941690;942060;946103;993899;994079,comparable,4,15,0,Government Offices; Library; Semi Detached Dwelling; Single Detached Dwelling,"Assembly facility; Automobile Sales and Services; Cannabis Retail Store; Distribution centre; Equipment Sales, Rental Service; Greenhouse (nursery retail); Light manufacturing; Outdoor Retail Display; Parking Lot; Retail store; Retail Warehouse; Service Repair Establishment; Storage Facility; Transport Terminal; Warehouse",data/zoning/charlottetown/zones,data/zoning/charlottetown-draft-2026-07-30/zones
MUR -> [none],MUR,Medium Density Mixed Use Residential,,,3,2,0,1140797;1177104,no_zone_overlap,0,0,0,,,data/zoning/charlottetown/zones,data/zoning/charlottetown-draft-2026-07-30/zones
MUR -> PPS,MUR,Medium Density Mixed Use Residential,PPS,Parks and Public Spaces,1,1,0,1141480,comparable,10,8,0,Active Recreation; Cemetery; Community Gardens; Community Institutional; Cultural Establishment; Golf Course; Government Offices; Library; Recreation or Fitness Centre (indoors); Trail System ZONING & DEVELOPMENT BYL AW,Block Townhouse Dwelling; Community Care Facility; Duplex Dwelling; Nursing Home; Semi-Detached Dwelling; Single detached Dwelling; Stacked Townhouse Dwelling; Townhouse Dwelling,data/zoning/charlottetown/zones,data/zoning/charlottetown-draft-2026-07-30/zones
MUR -> RM,MUR,Medium Density Mixed Use Residential,RM,Medium Density Residential,236,178,0,1105121;1113976;1114347;1114487;1114503;1114511;1114529;1114537;1114545;1114990;1115807;1119882;1120088;1120963;1121003;1123520;1123538;1123595;1123603;1123744;1123819;1123843;1123876;1124205;1124213;1124221;1124239;1124262;1124270;1124288;1124296;1124304;1125608;1126267;1128693;1128719;1129089;1131457;1133263;1133990;1134345;1134501;1138700;1140714;1140730;1140748;1140755;1140763;1140789;1140805;1140813;1140821;1140839;1140870;1140953;1140961;1141076;1141084;1141092;1141126;1141134;1141142;1141159;1141167;1141514;1141522;1141613;1141621;1141647;1141670;1141688;1142058;1142066;1142074;1142082;1142116;1142124;1142132;1142454;1142462;1142637;1142645;1143205;1143247;1143627;1143643;1143783;1145820;1145887;1145895;1147131;1147982;1149889;1150606;1151869;1152453;1152636;1154020;1155019;1155829;1156769;1157189;1157247;1157254;1157429;1157478;1157551;1157767;1157775;1157817;1157841;1157858;1158054;1159250;1161033;1161082;1161280;1161561;1161843;1161850;1161991;1162007;1162445;1162452;1163021;1163732;1164946;1165547;1165653;1165836;1165943;1166065;1166388;1166461;1169978;1169986;1169994;1170018;1170026;1170034;1171370;1172196;1172212;1172220;1172238;1173145;1173152;1173160;1173483;1174739;1174747;1174754;1174770;1174788;1176114;1176429;1177138;1177260;1177278;1177286;1177294;1177492;1177567;1177898;1178680;1180686;1180868;1183565;1183920;1184605;1187012;1188754;1189554;1193408;1193432;191965;193284;597310,comparable,11,5,3,Cluster Housing; Government Offices; Library; Lodging House; Mini-home Dwelling; Modular Dwelling; Multi-unit Dwelling; Recreation or Fitness Centre (indoors); Semi Detached Dwelling; Seniors Housing; Tourist Accommodation,Block Townhouse Dwelling; Community Care Facility; Nursing Home; Semi-Detached Dwelling; Stacked Townhouse Dwelling,data/zoning/charlottetown/zones,data/zoning/charlottetown-draft-2026-07-30/zones
NA -> [none],NA,Zoning Not Assigned,,,1,1,0,347609,no_zone_overlap,0,0,0,,,data/zoning/charlottetown/zones,data/zoning/charlottetown-draft-2026-07-30/zones
OS -> [none],OS,Open Space,,,1,1,0,1053032,no_zone_overlap,0,0,0,,,data/zoning/charlottetown/zones,data/zoning/charlottetown-draft-2026-07-30/zones
OS -> I,OS,Open Space,I,Institutional,1,1,0,413484,comparable,15,4,1,"Commercial Daycare Centre; Community Care Facility; Community Institutional; Cultural Establishment; Dormitory; Educational Institution (private); Educational Institution (public); Fire Station; Funeral Establishment; Government Offices; Hospital; Library; Medical, Health and Dental Office; Place of Worship; Police Station",Active Recreation; Community Gardens; Golf Course; Trail System,data/zoning/charlottetown/zones,data/zoning/charlottetown-draft-2026-07-30/zones
OS -> RN,OS,Open Space,RN,Neighbourhood,1,1,0,480517,comparable,4,5,0,Government Offices; Library; Semi Detached Dwelling; Single Detached Dwelling,Active Recreation; Cemetery; Community Gardens; Golf Course; Trail System,data/zoning/charlottetown/zones,data/zoning/charlottetown-draft-2026-07-30/zones
P -> PPS,P,Parking,PPS,Parks and Public Spaces,1,1,0,825927,comparable,10,2,0,Active Recreation; Cemetery; Community Gardens; Community Institutional; Cultural Establishment; Golf Course; Government Offices; Library; Recreation or Fitness Centre (indoors); Trail System ZONING & DEVELOPMENT BYL AW,Parking Lot; Parking Structure,data/zoning/charlottetown/zones,data/zoning/charlottetown-draft-2026-07-30/zones
PC -> DMS,PC,Park/Cultural,DMS,Downtown Main Street,3,2,0,340455;340463,comparable,18,4,3,"Commercial Daycare Centre; Community Care Facility; Convenience Store; Converted Dwelling; Eating and Drinking Establishment; Educational Institution (private); Educational Institution (public); Entertainment Establishment; Fire Station; Funeral Establishment; Government Offices; Grocery Store; Hostel; Hotel; Medical, Health and Dental Office; Multi-unit Dwelling; Office; Personal Service Shop",Community Building; Government Office; Place of Worship; Recreation or Fitness Center (indoors),data/zoning/charlottetown/zones,data/zoning/charlottetown-draft-2026-07-30/zones
PC -> I,PC,Park/Cultural,I,Institutional,4,3,0,340422;340430;340448,comparable,12,3,4,"Cemetery; Commercial Daycare Centre; Community Care Facility; Dormitory; Educational Institution (private); Educational Institution (public); Fire Station; Funeral Establishment; Government Offices; Hospital; Medical, Health and Dental Office; Police Station",Community Building; Government Office; Recreation or Fitness Center (indoors),data/zoning/charlottetown/zones,data/zoning/charlottetown-draft-2026-07-30/zones
R1L -> [none],R1L,Single Detached Residential,,,13,13,0,1069343;145086;145144;145607;145888;145896;492280;586297;665687;818989;859926;928580;948182,no_zone_overlap,0,0,0,,,data/zoning/charlottetown/zones,data/zoning/charlottetown-draft-2026-07-30/zones
R1L -> GC,R1L,Single Detached Residential,GC,Growth Corridor,131,121,0,1014307;1046077;1068063;1086248;1087931;1104900;1140045;1141423;1170638;1170646;192104;192245;192302;192351;192377;192963;192971;192989;193003;193011;193029;193037;193045;193052;193060;193078;193086;373480;373654;384115;390963;391235;391243;391250;391268;391276;391284;391292;391300;391318;391326;391334;391342;391383;392019;392050;392068;392076;392084;392092;392100;392118;392902;392910;392928;392944;392951;392969;392977;392985;392993;393009;393017;393025;393033;395590;396184;396218;396234;396242;396259;396275;396283;396291;396309;396317;396325;396333;396341;396358;396366;396374;396382;396648;396655;396663;396671;396697;396705;396713;396721;396739;396747;396754;396762;396788;404533;415885;419622;425801;452854;464529;464594;486290;533075;544080;547901;604595;640573;654210;683391;691451;695023;709535;721555;737452;798470;845552;861955;926063;926071,comparable,49,2,0,"Assembly facility; Automobile Sales and Services; Cannabis Retail Store; Cemetery; Commercial Daycare Centre; Community Care Facility; Community Institutional; Convenience Store; Cultural Establishment; Distribution centre; Dormitory; Eating and Drinking Establishment; Educational Institution (private); Educational Institution (public); Entertainment Establishment; Equipment Sales, Rental Service; Fire Station; Funeral Establishment; Garden Centre; Government Offices; Greenhouse (nursery retail); Grocery Store; Hospital; Hostel; Hotel; Laundromat; Library; Light manufacturing; Medical, Health and Dental Office; Multi-unit Dwelling; Office; Outdoor Retail Display; Parking lot; Parking structure; Personal Service Shop; Place of Worship; Police Station; Public Utility Service Operation; Recreation or Fitness Centre (indoors); Retail store; Retail Warehouse; Service Repair Establishment; Shopping Centre; Storage facility; Theatre; Transport Terminal; Transportation Service; Veterinary Services; Warehouse",Modular Dwelling; Single-detached Dwelling,data/zoning/charlottetown/zones,data/zoning/charlottetown-draft-2026-07-30/zones
R1L -> PPS,R1L,Single Detached Residential,PPS,Parks and Public Spaces,3,3,0,1095355;388686;939819,comparable,10,2,0,Active Recreation; Cemetery; Community Gardens; Community Institutional; Cultural Establishment; Golf Course; Government Offices; Library; Recreation or Fitness Centre (indoors); Trail System ZONING & DEVELOPMENT BYL AW,Modular Dwelling; Single-detached Dwelling,data/zoning/charlottetown/zones,data/zoning/charlottetown-draft-2026-07-30/zones
R1L -> UE,R1L,Single Detached Residential,UE,Urban Expansion,5,4,0,1064831;388728;703686;992909,comparable,0,2,0,,Modular Dwelling; Single-detached Dwelling,data/zoning/charlottetown/zones,data/zoning/charlottetown-draft-2026-07-30/zones
R1S -> [none],R1S,Single Detached Residential,,,7,7,0,1010982;1134816;278481;278549;351296;353003;938787,no_zone_overlap,0,0,0,,,data/zoning/charlottetown/zones,data/zoning/charlottetown-draft-2026-07-30/zones
R1S -> GC,R1S,Single Detached Residential,GC,Growth Corridor,2,2,0,275248;373191,comparable,49,2,0,"Assembly facility; Automobile Sales and Services; Cannabis Retail Store; Cemetery; Commercial Daycare Centre; Community Care Facility; Community Institutional; Convenience Store; Cultural Establishment; Distribution centre; Dormitory; Eating and Drinking Establishment; Educational Institution (private); Educational Institution (public); Entertainment Establishment; Equipment Sales, Rental Service; Fire Station; Funeral Establishment; Garden Centre; Government Offices; Greenhouse (nursery retail); Grocery Store; Hospital; Hostel; Hotel; Laundromat; Library; Light manufacturing; Medical, Health and Dental Office; Multi-unit Dwelling; Office; Outdoor Retail Display; Parking lot; Parking structure; Personal Service Shop; Place of Worship; Police Station; Public Utility Service Operation; Recreation or Fitness Centre (indoors); Retail store; Retail Warehouse; Service Repair Establishment; Shopping Centre; Storage facility; Theatre; Transport Terminal; Transportation Service; Veterinary Services; Warehouse",Modular Dwelling; Single-detached Dwelling,data/zoning/charlottetown/zones,data/zoning/charlottetown-draft-2026-07-30/zones
R1S -> PPS,R1S,Single Detached Residential,PPS,Parks and Public Spaces,1,1,0,857441,comparable,10,2,0,Active Recreation; Cemetery; Community Gardens; Community Institutional; Cultural Establishment; Golf Course; Government Offices; Library; Recreation or Fitness Centre (indoors); Trail System ZONING & DEVELOPMENT BYL AW,Modular Dwelling; Single-detached Dwelling,data/zoning/charlottetown/zones,data/zoning/charlottetown-draft-2026-07-30/zones
R2 -> [none],R2,Low Density Residential,,,3,3,0,356717;356725;758276,no_zone_overlap,0,0,0,,,data/zoning/charlottetown/zones,data/zoning/charlottetown-draft-2026-07-30/zones
R2 -> GC,R2,Low Density Residential,GC,Growth Corridor,139,118,0,1011543;1025618;1036599;1060441;1061944;1063569;1068535;1074624;1077775;1077791;1083187;1084359;1084581;1087584;1091297;1100874;1104009;1131218;1186105;191833;191841;192195;192211;192237;192286;367029;367417;367425;367433;367441;367458;367466;368340;369322;369330;369546;373159;373167;373449;373803;373811;374249;384149;385591;385666;385674;385682;385690;385708;385724;394148;394981;394999;395004;395012;395020;395038;395053;395087;395095;395111;395160;395178;395186;395194;395202;395210;395228;395251;395269;395277;395301;395319;395327;395335;395350;395368;397257;397265;397273;397299;397307;397315;397323;397331;397349;397356;397364;415703;419218;437715;442319;442327;452094;464073;546291;621409;659086;685990;691121;708594;752980;784249;784959;790170;816884;816892;825851;828111;829358;854646;888040;893685;902205;902957;910315;933317;993188,comparable,49,2,0,"Assembly facility; Automobile Sales and Services; Cannabis Retail Store; Cemetery; Commercial Daycare Centre; Community Care Facility; Community Institutional; Convenience Store; Cultural Establishment; Distribution centre; Dormitory; Eating and Drinking Establishment; Educational Institution (private); Educational Institution (public); Entertainment Establishment; Equipment Sales, Rental Service; Fire Station; Funeral Establishment; Garden Centre; Government Offices; Greenhouse (nursery retail); Grocery Store; Hospital; Hostel; Hotel; Laundromat; Library; Light manufacturing; Medical, Health and Dental Office; Multi-unit Dwelling; Office; Outdoor Retail Display; Parking lot; Parking structure; Personal Service Shop; Place of Worship; Police Station; Public Utility Service Operation; Recreation or Fitness Centre (indoors); Retail store; Retail Warehouse; Service Repair Establishment; Shopping Centre; Storage facility; Theatre; Transport Terminal; Transportation Service; Veterinary Services; Warehouse",Duplex Dwelling; Semi-detached Dwelling,data/zoning/charlottetown/zones,data/zoning/charlottetown-draft-2026-07-30/zones
R2 -> GN,R2,Low Density Residential,GN,Growth Node,1,1,0,373118,comparable,49,2,0,"Assembly facility; Automobile Sales and Services; Cannabis Retail Store; Cemetery; Commercial Daycare Centre; Community Care Facility; Community Institutional; Convenience Store; Cultural Establishment; Distribution centre; Dormitory; Eating and Drinking Establishment; Educational Institution (private); Educational Institution (public); Entertainment Establishment; Equipment Sales, Rental Service; Fire Station; Funeral Establishment; Garden Centre; Government Offices; Greenhouse (nursery retail); Grocery Store; Hospital; Hostel; Hotel; Laundromat; Library; Light manufacturing; Medical, Health and Dental Office; Multi-unit Dwelling; Office; Outdoor Retail Display; Parking lot; Parking structure; Personal Service Shop; Place of Worship; Police Station; Public Utility Service Operation; Recreation or Fitness Centre (indoors); Retail store; Retail Warehouse; Service Repair Establishment; Shopping Centre; Storage facility; Theatre; Transport Terminal; Transportation Service; Veterinary Services; Warehouse",Duplex Dwelling; Semi-detached Dwelling,data/zoning/charlottetown/zones,data/zoning/charlottetown-draft-2026-07-30/zones
R2S -> [none],R2S,Low Density Residential Single,,,14,13,0,1022870;1023829;1053008;1101559;1125368;1128172;1145663;1166081;1166230;1171271;926709;929174;939728,no_zone_overlap,0,0,0,,,data/zoning/charlottetown/zones,data/zoning/charlottetown-draft-2026-07-30/zones
R2S -> GC,R2S,Low Density Residential Single,GC,Growth Corridor,9,9,0,1014224;373258;373415;387944;387977;388041;388058;421396;934216,comparable,49,2,0,"Assembly facility; Automobile Sales and Services; Cannabis Retail Store; Cemetery; Commercial Daycare Centre; Community Care Facility; Community Institutional; Convenience Store; Cultural Establishment; Distribution centre; Dormitory; Eating and Drinking Establishment; Educational Institution (private); Educational Institution (public); Entertainment Establishment; Equipment Sales, Rental Service; Fire Station; Funeral Establishment; Garden Centre; Government Offices; Greenhouse (nursery retail); Grocery Store; Hospital; Hostel; Hotel; Laundromat; Library; Light manufacturing; Medical, Health and Dental Office; Multi-unit Dwelling; Office; Outdoor Retail Display; Parking lot; Parking structure; Personal Service Shop; Place of Worship; Police Station; Public Utility Service Operation; Recreation or Fitness Centre (indoors); Retail store; Retail Warehouse; Service Repair Establishment; Shopping Centre; Storage facility; Theatre; Transport Terminal; Transportation Service; Veterinary Services; Warehouse",Duplex Dwelling; Semi-detached Dwelling,data/zoning/charlottetown/zones,data/zoning/charlottetown-draft-2026-07-30/zones
R2S -> I,R2S,Low Density Residential Single,I,Institutional,5,5,0,390336;390369;390377;390419;658476,comparable,16,2,0,"Cemetery; Commercial Daycare Centre; Community Care Facility; Community Institutional; Cultural Establishment; Dormitory; Educational Institution (private); Educational Institution (public); Fire Station; Funeral Establishment; Government Offices; Hospital; Library; Medical, Health and Dental Office; Place of Worship; Police Station",Duplex Dwelling; Semi-detached Dwelling,data/zoning/charlottetown/zones,data/zoning/charlottetown-draft-2026-07-30/zones
R2S -> UE,R2S,Low Density Residential Single,UE,Urban Expansion,1,1,0,410308,comparable,0,2,0,,Duplex Dwelling; Semi-detached Dwelling,data/zoning/charlottetown/zones,data/zoning/charlottetown-draft-2026-07-30/zones
R3 -> [none],R3,Medium Density Residential,,,5,5,0,353565;354282;362087;364059;587493,no_zone_overlap,0,0,0,,,data/zoning/charlottetown/zones,data/zoning/charlottetown-draft-2026-07-30/zones
R3 -> GC,R3,Medium Density Residential,GC,Growth Corridor,275,107,0,1098391;191783;278184;278192;278341;355875;355883;355891;355909;358796;358804;358812;358820;358838;358853;358861;358879;360099;360107;360115;360123;360545;360552;360560;360578;362079;362087;362640;362673;363358;363374;363382;364000;364018;364026;364158;364166;364174;364182;364364;364372;364380;364679;364687;364695;369165;372318;372391;372409;372417;372425;372433;372573;372581;372599;372920;372946;372953;372961;372979;373001;373019;374132;374157;385732;385740;385757;385773;386441;395046;395236;395244;397018;397141;397208;397224;397232;463869;511915;513275;515858;519827;520874;563932;645879;645887;676452;679274;683169;684233;690677;690883;690958;692749;704262;704676;713198;715334;852608;862672;862680;897843;899377;900233;900969;905125;925032,comparable,46,8,3,"Assembly facility; Automobile Sales and Services; Cannabis Retail Store; Cemetery; Convenience Store; Cultural Establishment; Distribution centre; Dormitory; Eating and Drinking Establishment; Educational Institution (private); Educational Institution (public); Entertainment Establishment; Equipment Sales, Rental Service; Fire Station; Funeral Establishment; Garden Centre; Government Offices; Greenhouse (nursery retail); Grocery Store; Hospital; Hostel; Hotel; Laundromat; Library; Light manufacturing; Medical, Health and Dental Office; Multi-unit Dwelling; Office; Outdoor Retail Display; Parking lot; Parking structure; Personal Service Shop; Place of Worship; Police Station; Public Utility Service Operation; Recreation or Fitness Centre (indoors); Retail store; Retail Warehouse; Service Repair Establishment; Shopping Centre; Storage facility; Theatre; Transport Terminal; Transportation Service; Veterinary Services; Warehouse",Apartment Dwelling; Block Townhouse Dwelling; Community Building; Converted Dwelling; Lodging House Limited; Nursing Home; Stacked Townhouse Dwelling; Townhouse Dwelling,data/zoning/charlottetown/zones,data/zoning/charlottetown-draft-2026-07-30/zones
R3T -> GC,R3T,Medium Density Residential Townhouse,GC,Growth Corridor,12,1,0,275156,comparable,46,7,3,"Assembly facility; Automobile Sales and Services; Cannabis Retail Store; Cemetery; Convenience Store; Cultural Establishment; Distribution centre; Dormitory; Eating and Drinking Establishment; Educational Institution (private); Educational Institution (public); Entertainment Establishment; Equipment Sales, Rental Service; Fire Station; Funeral Establishment; Garden Centre; Government Offices; Greenhouse (nursery retail); Grocery Store; Hospital; Hostel; Hotel; Laundromat; Library; Light manufacturing; Medical, Health and Dental Office; Multi-unit Dwelling; Office; Outdoor Retail Display; Parking lot; Parking structure; Personal Service Shop; Place of Worship; Police Station; Public Utility Service Operation; Recreation or Fitness Centre (indoors); Retail store; Retail Warehouse; Service Repair Establishment; Shopping Centre; Storage facility; Theatre; Transport Terminal; Transportation Service; Veterinary Services; Warehouse",Block Townhouse Dwelling; Community Building; Converted Dwelling; Lodging House Limited; Nursing Home; Stacked Townhouse Dwelling; Townhouse Dwelling,data/zoning/charlottetown/zones,data/zoning/charlottetown-draft-2026-07-30/zones
R4 -> GC,R4,Apartment Residential,GC,Growth Corridor,4,4,0,275164;275180;352815;394965,comparable,49,0,0,"Assembly facility; Automobile Sales and Services; Cannabis Retail Store; Cemetery; Commercial Daycare Centre; Community Care Facility; Community Institutional; Convenience Store; Cultural Establishment; Distribution centre; Dormitory; Eating and Drinking Establishment; Educational Institution (private); Educational Institution (public); Entertainment Establishment; Equipment Sales, Rental Service; Fire Station; Funeral Establishment; Garden Centre; Government Offices; Greenhouse (nursery retail); Grocery Store; Hospital; Hostel; Hotel; Laundromat; Library; Light manufacturing; Medical, Health and Dental Office; Multi-unit Dwelling; Office; Outdoor Retail Display; Parking lot; Parking structure; Personal Service Shop; Place of Worship; Police Station; Public Utility Service Operation; Recreation or Fitness Centre (indoors); Retail store; Retail Warehouse; Service Repair Establishment; Shopping Centre; Storage facility; Theatre; Transport Terminal; Transportation Service; Veterinary Services; Warehouse",,data/zoning/charlottetown/zones,data/zoning/charlottetown-draft-2026-07-30/zones
WF -> I,WF,Waterfront,I,Institutional,3,3,0,335018;335463;640870,comparable,16,2,0,"Cemetery; Commercial Daycare Centre; Community Care Facility; Community Institutional; Cultural Establishment; Dormitory; Educational Institution (private); Educational Institution (public); Fire Station; Funeral Establishment; Government Offices; Hospital; Library; Medical, Health and Dental Office; Place of Worship; Police Station",Limited Car Rental Operation; Marina,data/zoning/charlottetown/zones,data/zoning/charlottetown-draft-2026-07-30/zones
WF -> PPS,WF,Waterfront,PPS,Parks and Public Spaces,2,1,0,897918,comparable,10,2,0,Active Recreation; Cemetery; Community Gardens; Community Institutional; Cultural Establishment; Golf Course; Government Offices; Library; Recreation or Fitness Centre (indoors); Trail System ZONING & DEVELOPMENT BYL AW,Limited Car Rental Operation; Marina,data/zoning/charlottetown/zones,data/zoning/charlottetown-draft-2026-07-30/zones
WLC -> [none],WLC,Water Lot Commercial,,,1,1,0,335307,no_zone_overlap,0,0,0,,,data/zoning/charlottetown/zones,data/zoning/charlottetown-draft-2026-07-30/zones
